{
    "accuracy": 0.8708567854909318,
    "macro avg": {
        "precision": 0.8490767679913276,
        "recall": 0.8565639602406184,
        "f1-score": 0.8493017633288613,
        "support": 3198.0
    },
    "weighted avg": {
        "precision": 0.8754825958095223,
        "recall": 0.8708567854909318,
        "f1-score": 0.870474001475677,
        "support": 3198.0
    }
}