{"accuracy": [0.5715289115905762, 0.7668774127960205, 0.8148755431175232, 0.8280652165412903, 0.8388355374336243, 0.8470303416252136, 0.8592835664749146, 0.859673798084259, 0.864356517791748, 0.8648247718811035, 0.8663856983184814, 0.8676344156265259], "val_accuracy": [0.7692307829856873, 0.8202001452445984, 0.8389618396759033, 0.8542839288711548, 0.8542839288711548, 0.8527204394340515, 0.866166353225708, 0.8624140024185181, 0.870856761932373, 0.8658536672592163, 0.8714821934700012, 0.8711695075035095], "loss": [1.3577171564102173, 0.7539013624191284, 0.6034819483757019, 0.5480866432189941, 0.5060703158378601, 0.4766530394554138, 0.4402860999107361, 0.43426841497421265, 0.4244283437728882, 0.4277826249599457, 0.4206772446632385, 0.42115622758865356], "val_loss": [0.7249098420143127, 0.5488060116767883, 0.48008993268013, 0.42683374881744385, 0.4277074635028839, 0.43530896306037903, 0.38434281945228577, 0.3982766568660736, 0.3715004324913025, 0.38284924626350403, 0.3781220018863678, 0.3740735650062561]}