{
    "Tomato_Bacterial_spot": {
        "precision": 0.8925233644859814,
        "recall": 0.8988235294117647,
        "f1-score": 0.895662368112544,
        "support": 425.0
    },
    "Tomato_Early_blight": {
        "precision": 0.7865853658536586,
        "recall": 0.645,
        "f1-score": 0.7087912087912088,
        "support": 200.0
    },
    "Tomato_Late_blight": {
        "precision": 0.9098143236074271,
        "recall": 0.9002624671916011,
        "f1-score": 0.9050131926121372,
        "support": 381.0
    },
    "Tomato_Leaf_Mold": {
        "precision": 0.7103174603174603,
        "recall": 0.9421052631578948,
        "f1-score": 0.8099547511312217,
        "support": 190.0
    },
    "Tomato_Septoria_leaf_spot": {
        "precision": 0.8333333333333334,
        "recall": 0.847457627118644,
        "f1-score": 0.8403361344537815,
        "support": 354.0
    },
    "Tomato_Spider_mites_Two_spotted_spider_mite": {
        "precision": 0.9072164948453608,
        "recall": 0.7880597014925373,
        "f1-score": 0.8434504792332268,
        "support": 335.0
    },
    "Tomato__Target_Spot": {
        "precision": 0.7794117647058824,
        "recall": 0.7571428571428571,
        "f1-score": 0.7681159420289855,
        "support": 280.0
    },
    "Tomato__Tomato_YellowLeaf__Curl_Virus": {
        "precision": 0.9916943521594684,
        "recall": 0.9313572542901716,
        "f1-score": 0.9605792437650845,
        "support": 641.0
    },
    "Tomato__Tomato_mosaic_virus": {
        "precision": 0.8421052631578947,
        "recall": 0.8648648648648649,
        "f1-score": 0.8533333333333334,
        "support": 74.0
    },
    "Tomato_healthy": {
        "precision": 0.8377659574468085,
        "recall": 0.9905660377358491,
        "f1-score": 0.9077809798270894,
        "support": 318.0
    },
    "accuracy": 0.8708567854909318,
    "macro avg": {
        "precision": 0.8490767679913276,
        "recall": 0.8565639602406184,
        "f1-score": 0.8493017633288613,
        "support": 3198.0
    },
    "weighted avg": {
        "precision": 0.8754825958095223,
        "recall": 0.8708567854909318,
        "f1-score": 0.870474001475677,
        "support": 3198.0
    }
}